﻿<parameters>
  <parameter name="IIS Web Application Name" defaultValue="EuromaWeb" tags="IisApp">
    <parameterEntry kind="ProviderPath" scope="IisApp" match="^C:\\Users\\Mattia\\Desktop\\EuromaWeb\\EuromaWeb\\obj\\Debug\\Package\\PackageTmp$" />
    <parameterEntry kind="ProviderPath" scope="setAcl" match="^C:\\Users\\Mattia\\Desktop\\EuromaWeb\\EuromaWeb\\obj\\Debug\\Package\\PackageTmp$" />
  </parameter>
  <parameter name="EuromaModels-Web.config Connection String" defaultValue="data source=127.0.0.1;initial catalog=EuromaWeb;persist security info=True;user id=ALNUSAD;password=ALNUSAD;multipleactiveresultsets=True;App=EntityFramework">
    <parameterEntry kind="XmlFile" scope="C:\\Users\\Mattia\\Desktop\\EuromaWeb\\EuromaWeb\\obj\\Debug\\Package\\PackageTmp\\Web\.config$" match="/configuration/connectionStrings/add[@name='EuromaModels']/@connectionString" />
  </parameter>
  <parameter name="DefaultConnection-Web.config Connection String" defaultValue="data source=127.0.0.1;initial catalog=EuromaWeb;persist security info=True;user id=ALNUSAD;password=ALNUSAD;multipleactiveresultsets=True;App=EntityFramework">
    <parameterEntry kind="XmlFile" scope="C:\\Users\\Mattia\\Desktop\\EuromaWeb\\EuromaWeb\\obj\\Debug\\Package\\PackageTmp\\Web\.config$" match="/configuration/connectionStrings/add[@name='DefaultConnection']/@connectionString" />
  </parameter>
</parameters>